uuid,created_at,updated_at,doc_code,doc_name,doc_description,doc_type,department_unit,file_id,file_name,file_storage_path,upload_session_id,document_type,recognition_status,error_message,region,operation_status,exported_at,exported_by,ocr_output,llm_output,confidence_value
991fa356-8aa8-44ae-a2a7-6a918b58b4da,2026-02-11 07:10:18.996815+00:00,2026-02-11 07:10:44.160106+00:00,0211165,,,,,,Q80002271.pdf,files/TAIPEI_1770793806270_manual11/Q80002271.pdf,e751ec8c-f6e7-4584-9177-c273f3d2d13d,ARC,COMPLETED,,TAIPEI,NONE,,,"中華民國居留證

R.O.C. (Taiwan) Resident Certificate

外信层留(ARC)

Alien Resident Certificate 桃园市服務站

Q800002271 2025/12/02 换领

2025/12/02 换领
男 Male

VINCENT NG WEI LUN

出生日期 Date of birth 回國 Nationality MYS

1996/09/09 馬來西亞

层管测限 Date of expiry (Y/M/D) 光照频码 P.

2028/07/19 A58016494

應聘-日月光半導體製造股份有限公司

居留地址 Residence address 4520764260

桃園市桃園區三民路二段127號5樓

01688411 039

舊式統一證號 Original UI No.
FC30210503

持證人可多次入出国，請於本證屆滿前辯理延期。

The holder of this certificate may have multiple entry into Taiwan and this certificate shall be renewed before expiration.

本署對於符合法律規定情形者，償銷或廢止居留許可，並韻銷本外信居留證。The NIA may or shall annul or revoke a residence permit and cancel an ARC whenever it is expressly required by law.

I<TWNA5801649410Q8000022710168

9609093M2807199MYS8411<<<<<<9

VINCENT<NG<WEI<LUN<<<<<<","{""居留證號"":""A58016494"",""居留效期"":""20280719"",""護照號碼"":"""",""核發日期"":""20251202"",""舊式統一證號"":""FC30210503"",""雇主名稱"":""日月光半導體製造股份有限公司""}",
4169a3ed-6a96-450e-b322-258503d024c3,2026-02-11 07:10:31.604839+00:00,2026-02-11 07:11:04.931827+00:00,0211166,,,,,,Q800058004.pdf,files/TAIPEI_1770793806270_manual11/Q800058004.pdf,e751ec8c-f6e7-4584-9177-c273f3d2d13d,ARC,COMPLETED,,TAIPEI,NONE,,,"中華民國居留證

R.O.C.(Taiwan) Resident Certificate

识别 Type ARC 核经单位 Authority

外傳居留證 MULTIPLE RE-ENTRY 環義縣服務站

Q800058004 2025/05/09 换领

姓名Name：___ 凯博文 男 Male

RODRIGUEZ KELVIN SON SILLACOS

出生日期 Date of birth Nationality

1989/07/01 菲律宾

层間開線 Date of expiry (Y/M/D) 澳照號瑪 Passport No 2028/02/26 P6202950A

居留地址 Residence address 1540410370

嘉義縣新港鄉月眉村底6鄭月眉潭6之17號

持證人可多次入出國，請於本證屆滿前辦理延期。

The holder of this certificate may have multiple entry into Taiwan and this certificate shall be renewed before expiration.

本署對於符合法律規定情形者，徵銷或廠止居留許可，並註銷本外信居留證·

The NIA may or shall annul or revoke a residence permit and cancel an ARC whenever it is expressly required by law.

I<twnp6202950A50Q8000580040123

8907013M2802264PHL4832<<<<<<7

RODRIGUEZ<KELVIN<SON<SILLACOS<","{""居留證號"":""Q800058004"",""居留效期"":""20280226"",""護照號碼"":""P6202950A"",""核發日期"":""20250509"",""舊式統一證號"":"""",""雇主名稱"":""""}",
